{
  "asOn": "2025-11-23T13:04:24.535Z",
  "gold24K": 117135.20330554763,
  "gold22K": 107764.39,
  "gold18K": 87851.4,
  "silver": 144.05550385573005,
  "silverJewelry": 132.53
}